title_model,author,likes,url
Articulated Shark,McGybeer,21000,https://www.thingiverse.com/thing:3845304
Fish Fossilz,muzz64,21000,https://www.thingiverse.com/thing:1276095
SHARKZ... Fun Multipurpose Clips / Holders / Pegs with moving jaws that bite!,muzz64,22000,https://www.thingiverse.com/thing:910216
Shark-ticulator / Flexi Shark,hpiz,3000,https://www.thingiverse.com/thing:2804703
Shark Comb,faberdasher,1000,https://www.thingiverse.com/thing:384599
Curled Articulated Shark,knickers,3000,https://www.thingiverse.com/thing:4171277
Flexi Tiger Shark (print-in-place),3D_FlexSeeds,4000,https://www.thingiverse.com/thing:6201949
Beefy Shark,CEOjameson2501,1000,https://www.thingiverse.com/thing:229538
Friendly Articulated Slug,_Isaiah_,16000,https://www.thingiverse.com/thing:4727448
Stylish Flexi Shark,Zentangle99,3000,https://www.thingiverse.com/thing:6828888
Hammerhead shark,ingridyun,2000,https://www.thingiverse.com/thing:4853536
Flexi Hammerhead Shark(print-in-place),3D_FlexSeeds,4000,https://www.thingiverse.com/thing:5995499
Crocz... Crocodile Clips / Clamps / Pegs with Moving Jaws,muzz64,10000,https://www.thingiverse.com/thing:941177
Great White Skull,MakerBot,4000,https://www.thingiverse.com/thing:128112
Finger Shark,zheng3,1000,https://www.thingiverse.com/thing:432223
Left Shark,mstyle183,994,https://www.thingiverse.com/thing:667127
Shark! Desktop Cable Holder,notcolinforreal,1000,https://www.thingiverse.com/thing:161186
Reinforced Articulated Shark,vexanix,1000,https://www.thingiverse.com/thing:5173541
Giant Prehistoric Shark Tooth!,mtdna,1000,https://www.thingiverse.com/thing:56127
Articulating 3D Shark,PuddenCups,1000,https://www.thingiverse.com/thing:2864712
Shark!,PlasticBits,637,https://www.thingiverse.com/thing:112301
Mr. Jaws,Mahoney,747,https://www.thingiverse.com/thing:14702
Flying Shark HD Remix,Geoffro,677,https://www.thingiverse.com/thing:488786
Cubify shark pencil cup!,nerdygirl42,971,https://www.thingiverse.com/thing:2769225
Flexi Whale Shark(Print-in-place),3D_FlexSeeds,3000,https://www.thingiverse.com/thing:6574396
Great White Shark,shraska1,783,https://www.thingiverse.com/thing:425437
clean flexi shark,cyclenut,2000,https://www.thingiverse.com/thing:2801989
Articulated Shark,nihill,1000,https://www.thingiverse.com/thing:2457860
Low Poly Wall Shark,Voxel3,3000,https://www.thingiverse.com/thing:5345971
Shark! Sliced to Print,MacGyver,925,https://www.thingiverse.com/thing:224222
Tintin Shark Submarine,Kirouac,475,https://www.thingiverse.com/thing:4324107
"Curled Articulated Shark, reduced file size.",knickers,2000,https://www.thingiverse.com/thing:5238596
UW-33 Windshark Fighter,gpvillamil,1000,https://www.thingiverse.com/thing:124774
shark cookie cutter,alavanimation,698,https://www.thingiverse.com/thing:556952
Shark Bites,MakerBot,432,https://www.thingiverse.com/thing:128788
Thresher - shark bot #ModioChallenge,gpvillamil,655,https://www.thingiverse.com/thing:489104
Cubify Shark,Leo_Aguiar,806,https://www.thingiverse.com/thing:1315745
shark keychain,tresdlito,459,https://www.thingiverse.com/thing:2882988
Shark Attack,BoothyBoothy,449,https://www.thingiverse.com/thing:4576920
Hammerhead Skull,MakerBot,1000,https://www.thingiverse.com/thing:130388
Shark Bookmark,lwanger,371,https://www.thingiverse.com/thing:1348173
Antique Diver's Suit,MakerBot,1000,https://www.thingiverse.com/thing:128783
Animals for Tabletop Gaming!,mz4250,3000,https://www.thingiverse.com/thing:2847707
helmet hook (many different versions),ri3del,2000,https://www.thingiverse.com/thing:4146186
Prehistoric Shark Tooth (Fossil),Emdahus,511,https://www.thingiverse.com/thing:2338127
Graphica: Fish - 3DKitbash.com - Print & Play,3DKitbash,1000,https://www.thingiverse.com/thing:241790
Low-Poly Shark Head For Wall (Large),UWcharlie1983,682,https://www.thingiverse.com/thing:3870774
Toilet Paper Shark,shyblower,775,https://www.thingiverse.com/thing:3444704
Eaglez... with Moving Beaks that BITE! (No support required),muzz64,1000,https://www.thingiverse.com/thing:963892
jaws_3dBenchy,johnto,3000,https://www.thingiverse.com/thing:5181705
Baby Shark Keychain,Ifoulds,1000,https://www.thingiverse.com/thing:6558850
Wild Catz... with Jaws that Bite and Growl!,muzz64,1000,https://www.thingiverse.com/thing:988088
Hammerhead Shark and Dolphin,pmoews,1000,https://www.thingiverse.com/thing:703868
Flexi shark,Bustable,320,https://www.thingiverse.com/thing:2813990
Articulated Shark,ppardee,270,https://www.thingiverse.com/thing:2766851
Bulette - Tabletop Miniature,Yasashii,2000,https://www.thingiverse.com/thing:3775005
Desk Shark,macouno,229,https://www.thingiverse.com/thing:38473
Low Poly Shark Wall Trophy,slavikk,567,https://www.thingiverse.com/thing:919593
Shark Attack!,BasicJohn,217,https://www.thingiverse.com/thing:130003
Whale Shark,xking3,334,https://www.thingiverse.com/thing:140281
Flexi Shark & Hammerhead Set,3D_FlexSeeds,1000,https://www.thingiverse.com/thing:6046050
Monstamaka Shark,mageli,140,https://www.thingiverse.com/thing:286502
Great Wight Shark (Undead) - Tabletop Miniature,Yasashii,791,https://www.thingiverse.com/thing:4960220
Sea Creatures!,MakerBot,1000,https://www.thingiverse.com/thing:25276
Ultimate Beefy Shark Trophy,ryanrhughes,297,https://www.thingiverse.com/thing:2806430
Shark,theshark,103,https://www.thingiverse.com/thing:8915
Shark Under Water Attack,hugolours,295,https://www.thingiverse.com/thing:3347438
Articulated Shark Remix,Polymathic,381,https://www.thingiverse.com/thing:3868788
⭐ Megalodon Benchy ⭐,FiveNights,1000,https://www.thingiverse.com/thing:3094576
Shark Planter,kmurphy29,463,https://www.thingiverse.com/thing:3478373
Shark Pen Holder,wuguigui,584,https://www.thingiverse.com/thing:5532639
Megalodon Tooth - Stand-Alone Remix,TheMegalodonDentist,758,https://www.thingiverse.com/thing:1340209
articulated hummer-shark,ovod54,557,https://www.thingiverse.com/thing:5358037
Great White Shark,lostinlmbo,287,https://www.thingiverse.com/thing:2334221
Benchy VS Shark,Mike_vom_Mars,520,https://www.thingiverse.com/thing:5872070
Great White Shark Scaleable,gmeine921,361,https://www.thingiverse.com/thing:2461306
The Bookshark Bookmark,blecheimer,3000,https://www.thingiverse.com/thing:6261415
Sharkboo from Zenless Zone Zero,CHCH1818,519,https://www.thingiverse.com/thing:6698179
Grey Nurse Shark,rogerpeng1,173,https://www.thingiverse.com/thing:137954
Seahorse - Balanced so it stands on its tail!,muzz64,769,https://www.thingiverse.com/thing:561147
Gone Fishing,Henrid84,811,https://www.thingiverse.com/thing:1701205
Great Hammerhead Shark,SavageWarlord,252,https://www.thingiverse.com/thing:1699730
Articulated Flexi Cute Hammerhead Shark,MiniStudio,480,https://www.thingiverse.com/thing:6752231
Bulette,mz4250,594,https://www.thingiverse.com/thing:2765263
Flexi Articulated Shark No2,AirwavesTed,371,https://www.thingiverse.com/thing:2887806
Cute Shark,3DTwinkie,576,https://www.thingiverse.com/thing:5421054
Shark,zacleung,379,https://www.thingiverse.com/thing:2841664
Megalodon Scanned Fossil Tooth,Emdahus,488,https://www.thingiverse.com/thing:1380493
Shark bottle opener and Keychain,AlbaSa,239,https://www.thingiverse.com/thing:3252014
Great White Shark with Human Teeth,drecali,270,https://www.thingiverse.com/thing:158356
Shark keychain reworked,qdiiibp,356,https://www.thingiverse.com/thing:2493639
The Shog,boltneck,1000,https://www.thingiverse.com/thing:5167914
Left Shark Chip Clip,voeltzbj,160,https://www.thingiverse.com/thing:700484
Shark,Zenphyre,320,https://www.thingiverse.com/thing:3812235
Flexi Shark,Print-3D-E,689,https://www.thingiverse.com/thing:6566098
Octonauts Gup-B toy,sablebadger,454,https://www.thingiverse.com/thing:796940
Perch Fish,Henrid84,749,https://www.thingiverse.com/thing:1701871
Shark Coming out of Water,mz4250,288,https://www.thingiverse.com/thing:6092423
Left Shark Monochrome,cerberus333,215,https://www.thingiverse.com/thing:672307
Beefy Shark with Chainsaw,south2012,231,https://www.thingiverse.com/thing:1719217
