title,category,url,image
"Close-up of a woman hacker hands at keyboard computer in the dark room at night, cyberwar concept. High angle view.","['security', 'criminal', 'spy', 'fraud', 'firewall', 'basement', 'crime', 'using laptop', 'privacy', 'data', 'slovakia', 'politics and government', 'adults only', 'government', 'technology', 'typing', 'computer crime', 'computer', 'people', 'internet', 'Free pictures']",https://unsplash.com/photos/close-up-of-a-woman-hacker-hands-at-keyboard-computer-in-the-dark-room-at-night-cyberwar-concept-high-angle-view-YkibINt3MXo,"[{'url': 'https://plus.unsplash.com/premium_photo-1663100722417-6e36673fe0ed?q=80&w=7952&auto=format&fit=crop&ixlib=rb-4.0.3&ixid=M3wxMjA3fDB8MHxwaG90by1wYWdlfHx8fGVufDB8fHx8fA%3D%3D', 'path': 'full/3be06eb72957b4a7c220ce519f022d6637e997cb.jpg', 'checksum': 'bd9a2b925ffd7ae0185836dab1712501', 'status': 'uptodate'}]"
lines of HTML codes,"['coding', 'code', 'programming', 'grey', 'hacker', 'programmer', 'hack', 'technology', 'program', 'html5', 'hacking', 'html', 'developer', 'laptop', 'js', 'javascript', 'programming language', 'tech', 'development', 'computer', 'HD Wallpapers']",https://unsplash.com/photos/lines-of-html-codes-4hbJ-eymZ1o,"[{'url': 'https://images.unsplash.com/photo-1542831371-29b0f74f9713?q=80&w=6000&auto=format&fit=crop&ixlib=rb-4.0.3&ixid=M3wxMjA3fDB8MHxwaG90by1wYWdlfHx8fGVufDB8fHx8fA%3D%3D', 'path': 'full/3b86f1df65682a4dfe350ba61ab9a64d61c47105.jpg', 'checksum': 'f5fc7f69c6d8d1df6fe67783c976b4a6', 'status': 'uptodate'}]"
two black flat screen computer monitors,"['coding', 'monitor', 'code', 'greece', 'screen', 'tech', 'hacker', 'computer', 'programming', 'pc', 'software', 'coding setup', 'technology', 'developer', 'paperize', 'setup', 'monitors', 'apps', 'development', 'two', 'Free stock photos']",https://unsplash.com/photos/two-black-flat-screen-computer-monitors-LJ9KY8pIH3E,"[{'url': 'https://images.unsplash.com/photo-1534972195531-d756b9bfa9f2?q=80&w=6000&auto=format&fit=crop&ixlib=rb-4.0.3&ixid=M3wxMjA3fDB8MHxwaG90by1wYWdlfHx8fGVufDB8fHx8fA%3D%3D', 'path': 'full/c73dc71a5021821ccda99ce785c17bce640b22cd.jpg', 'checksum': 'f1511203e181c668a413ea19fdf0f10d', 'status': 'uptodate'}]"
closeup photo of eyeglasses,"['coding', 'computer', 'tech', 'funds', 'finances', 'accounts', 'budget', 'resources', 'machine learning', 'website', 'screen', 'technology', 'code', 'hacker', 'magnify', 'focus', 'glasses', 'business', 'web', 'laptop', 'HD Wallpapers']",https://unsplash.com/photos/closeup-photo-of-eyeglasses-w7ZyuGYNpRQ,"[{'url': 'https://images.unsplash.com/photo-1504639725590-34d0984388bd?q=80&w=3353&auto=format&fit=crop&ixlib=rb-4.0.3&ixid=M3wxMjA3fDB8MHxwaG90by1wYWdlfHx8fGVufDB8fHx8fA%3D%3D', 'path': 'full/a76bcbbf8907f6e76ad458880d6674b41fb0c575.jpg', 'checksum': '4ea176af7c729bf947a48e961013496b', 'status': 'uptodate'}]"
a person sitting at a desk with two computer monitors,"['computer science', 'development', 'web development', 'coding', 'data', 'statistics', 'coders', 'website development', 'it consulting', 'developer', 'coder', 'computer programming', 'silicon valley', 'developers', 'full stack', 'tech', 'software engineering', 'workstation', 'desk setup', 'computer software', 'Free stock photos']",https://unsplash.com/photos/a-person-sitting-at-a-desk-with-two-computer-monitors-XY0Cx9QsK3s,"[{'url': 'https://plus.unsplash.com/premium_photo-1678566153919-86c4ba4216f1?q=80&w=6720&auto=format&fit=crop&ixlib=rb-4.0.3&ixid=M3wxMjA3fDB8MHxwaG90by1wYWdlfHx8fGVufDB8fHx8fA%3D%3D', 'path': 'full/e6529c5794dbcebc4f242f93dde3a6f43e27f943.jpg', 'checksum': '1e9a1853d78b3f18b679e3c2394c8a87', 'status': 'uptodate'}]"
black samsung flat screen computer monitor,"['coding', 'code', 'computer', 'laptop', 'kabul', 'afghanistan', 'business', 'tech', 'engineer', 'coder', 'software developer', 'developer', 'visual studio code', 'vscode', 'afgprogrammer', 'software', 'macbook pro', 'developer life', 'programmer', 'black', 'Free images']",https://unsplash.com/photos/black-samsung-flat-screen-computer-monitor-LrxSl4ZxoRs,"[{'url': 'https://images.unsplash.com/photo-1607705703571-c5a8695f18f6?q=80&w=6720&auto=format&fit=crop&ixlib=rb-4.0.3&ixid=M3wxMjA3fDB8MHxwaG90by1wYWdlfHx8fGVufDB8fHx8fA%3D%3D', 'path': 'full/cce05f302bedc246f0ba5aed49c5aa6f9b5e89ca.jpg', 'checksum': '4aee09cb78ca7b00b7e15aaf821c3d13', 'status': 'uptodate'}]"
black flat screen computer monitor,"['javascript', 'coding', 'code', 'business', 'kabul', 'afghanistan', 'computer engineer', 'coder', 'macbook pro', 'visual studio code', 'software', 'programmer', 'developer life', 'developer', 'html', 'vscode', 'afgprogrammer', 'black', 'computer', 'electronics', 'Free stock photos']",https://unsplash.com/photos/black-flat-screen-computer-monitor-DwDZ5mgwhsc,"[{'url': 'https://images.unsplash.com/photo-1607706009771-de8808640bcf?q=80&w=4480&auto=format&fit=crop&ixlib=rb-4.0.3&ixid=M3wxMjA3fDB8MHxwaG90by1wYWdlfHx8fGVufDB8fHx8fA%3D%3D', 'path': 'full/4c524f27e01bc7ef142fc46d38d3d835018ab11c.jpg', 'checksum': '124019ba88d3d9426f66aaf26cbffc75', 'status': 'uptodate'}]"
turned on MacBook Air on desk,"['laptop', 'computer', 'coding', 'code', 'osijek', 'croatia', 'macbook', 'sunglasses', 'iphone', 'data', 'potted plant', 'programming', 'tech', 'it', 'mac', 'working', 'programmer', 'apple', 'editor', 'minimal', 'Free stock photos']",https://unsplash.com/photos/turned-on-macbook-air-on-desk-iOykDIkZLQw,"[{'url': 'https://images.unsplash.com/photo-1499673610122-01c7122c5dcb?q=80&w=4316&auto=format&fit=crop&ixlib=rb-4.0.3&ixid=M3wxMjA3fDB8MHxwaG90by1wYWdlfHx8fGVufDB8fHx8fA%3D%3D', 'path': 'full/d15a6cdcd239be3247ed08cede8aa50e4d4842a7.jpg', 'checksum': '3dfa913371a8090c3ae9394778ff2358', 'status': 'uptodate'}]"
"a close up of a sign with the word hello, hello","['web development', 'computer programming', 'coding', 'silicon valley', 'developers', 'full stack', 'tech', 'software engineering', 'data', 'statistics', 'coders', 'data science', 'Hq Background Images', 'HD Wallpapers', '8k background', '8k resolution', '3d art', '3d render', 'Backgrounds']",https://unsplash.com/photos/a-close-up-of-a-sign-with-the-word-hello-hello-jxelyjTrWFg,"[{'url': 'https://plus.unsplash.com/premium_photo-1685086785054-d047cdc0e525?q=80&w=7680&auto=format&fit=crop&ixlib=rb-4.0.3&ixid=M3wxMjA3fDB8MHxwaG90by1wYWdlfHx8fGVufDB8fHx8fA%3D%3D', 'path': 'full/1d5116fdff975e89d70efd664adc3b5bc0eaa4eb.jpg', 'checksum': 'fe50e82f64990e5fe4cb6b97bf64eb65', 'status': 'uptodate'}]"
Colorful software or web code on a computer monitor,"['technology', 'tech', 'code', 'coding', 'website', 'programming', 'software', 'data', 'digital', 'computer', 'php', 'script', 'screen', 'software engineer', 'source code', 'program', 'programmer', 'internet', 'work', 'web', 'Free pictures']",https://unsplash.com/photos/colorful-software-or-web-code-on-a-computer-monitor-Skf7HxARcoc,"[{'url': 'https://images.unsplash.com/photo-1487058792275-0ad4aaf24ca7?q=80&w=5760&auto=format&fit=crop&ixlib=rb-4.0.3&ixid=M3wxMjA3fDB8MHxwaG90by1wYWdlfHx8fGVufDB8fHx8fA%3D%3D', 'path': 'full/c8a0ae70845200af77256ff541cd1544e8756060.jpg', 'checksum': 'd1a2170fd3a9e0697872f443da3bf7ac', 'status': 'uptodate'}]"
black flat screen computer monitor,"['coder', 'code', 'programming', 'coding', 'kabul', 'afghanistan', 'business', 'computer engineer', 'monitor', 'software developer', 'software', 'keybord', 'setup desk', 'visual studio code', 'vscode', 'developer life', 'developer', 'web development', 'afgprogrammer', 'night', 'Free images']",https://unsplash.com/photos/black-flat-screen-computer-monitor-gA396xahf-Q,"[{'url': 'https://images.unsplash.com/photo-1607798748738-b15c40d33d57?q=80&w=9504&auto=format&fit=crop&ixlib=rb-4.0.3&ixid=M3wxMjA3fDB8MHxwaG90by1wYWdlfHx8fGVufDB8fHx8fA%3D%3D', 'path': 'full/a06a773c3e5eb7f3e6e936b112ddf3ae7a300b04.jpg', 'checksum': '3340d54ed976e3565a5af418729b408e', 'status': 'uptodate'}]"
boy in front of computer monitor,"['coding', 'office', 'hacker', 'jakarta', 'indonesia', 'programmer', 'work', 'macbook pro', 'macbook', 'laptop', 'computer', 'work space', 'programming', 'code', 'desk', 'monitor', 'screen', 'persno', 'grey', 'tech', 'HD Wallpapers']",https://unsplash.com/photos/boy-in-front-of-computer-monitor-vJP-wZ6hGBg,"[{'url': 'https://images.unsplash.com/photo-1536148935331-408321065b18?q=80&w=3734&auto=format&fit=crop&ixlib=rb-4.0.3&ixid=M3wxMjA3fDB8MHxwaG90by1wYWdlfHx8fGVufDB8fHx8fA%3D%3D', 'path': 'full/a68faf7d88b0865104f53ca888beff6c1a5c4cad.jpg', 'checksum': '98c13fb1dd3fd9f1e8ea7b70d4514086', 'status': 'uptodate'}]"
A laptop computer with a bunch of different screens on top of it,"['coding', 'computer code', 'social media', 'applications', 'social network', 'digital image', 'apps', 'application', 'app', '3d', '3d render', 'Backgrounds']",https://unsplash.com/photos/a-laptop-computer-with-a-bunch-of-different-screens-on-top-of-it-XV2kGdTo9II,"[{'url': 'https://plus.unsplash.com/premium_photo-1720287601920-ee8c503af775?q=80&w=4050&auto=format&fit=crop&ixlib=rb-4.0.3&ixid=M3wxMjA3fDB8MHxwaG90by1wYWdlfHx8fGVufDB8fHx8fA%3D%3D', 'path': 'full/0aae5d64ed0b93a3591796ad2dde732dbfafefc6.jpg', 'checksum': 'c34f2b8da62673c40bc76213acc7de94', 'status': 'uptodate'}]"
black laptop computer turned on,"['coding', 'code', 'programming', 'laptop', 'computer', 'nairobi', 'kenya', 'screen', 'pc', 'mac', 'hacker', 'macbook', 'computer security', 'data security', 'cybersecurity', 'startup', 'developer', 'tech', 'desktop', 'coder', 'Backgrounds']",https://unsplash.com/photos/black-laptop-computer-turned-on-f5pTwLHCsAg,"[{'url': 'https://images.unsplash.com/photo-1483817101829-339b08e8d83f?q=80&w=4117&auto=format&fit=crop&ixlib=rb-4.0.3&ixid=M3wxMjA3fDB8MHxwaG90by1wYWdlfHx8fGVufDB8fHx8fA%3D%3D', 'path': 'full/3614e8633cc7ae1e49fe2e24f29349f3c2a08259.jpg', 'checksum': '77c4ef9fa1c1625e275bb1993ad725f0', 'status': 'uptodate'}]"
black and silver laptop computer,"['laptop', 'macbook', 'coding', 'app', 'mac book', 'techology', 'service app', 'coder', 'pyro', 'programming', 'development', 'party', 'workspace', 'geek', 'lockdown', 'homeoffice', 'evening', 'purple', 'neon', 'lights', 'Free images']",https://unsplash.com/photos/black-and-silver-laptop-computer-FJ5e_2f96h4,"[{'url': 'https://images.unsplash.com/photo-1595675024853-0f3ec9098ac7?q=80&w=3456&auto=format&fit=crop&ixlib=rb-4.0.3&ixid=M3wxMjA3fDB8MHxwaG90by1wYWdlfHx8fGVufDB8fHx8fA%3D%3D', 'path': 'full/40cee1e84a3373c63d9974471047a1a2a7572b07.jpg', 'checksum': '03d7b00b287bbf7a164fd41622058843', 'status': 'uptodate'}]"
black flat screen computer monitor,"['coding', 'code', 'kabul', 'afghanistan', 'javascript', 'computer engineer', 'coder', 'development', 'night', 'programming', 'vscode', 'html', 'laravel', 'afgprogrammer', 'display', 'electronics', 'monitor', 'screen', 'grey', 'text', 'HD Wallpapers']",https://unsplash.com/photos/black-flat-screen-computer-monitor-oXlXu2qukGE,"[{'url': 'https://images.unsplash.com/photo-1607706189992-eae578626c86?q=80&w=6720&auto=format&fit=crop&ixlib=rb-4.0.3&ixid=M3wxMjA3fDB8MHxwaG90by1wYWdlfHx8fGVufDB8fHx8fA%3D%3D', 'path': 'full/c39be1548ce7ac9f9cce039a0b53caf6747d431f.jpg', 'checksum': '1d9ed61647f60aed0e4ec71342060c5b', 'status': 'uptodate'}]"
Programming code abstract technology background of software developer and  Computer script,"['html', 'computer software', 'computer monitor', 'symbol', 'computer language', 'digitally generated image', 'business finance and industry', 'coding', 'security', 'binary code', 'mobile app', 'blue', 'abstract', 'electrical equipment', 'activity', 'horizontal', 'usa', 'Hq Background Images', 'no people', 'photography', 'Free pictures']",https://unsplash.com/photos/programming-code-abstract-technology-background-of-software-developer-and-computer-script-ltpb_WinC3Y,"[{'url': 'https://plus.unsplash.com/premium_photo-1661877737564-3dfd7282efcb?q=80&w=6608&auto=format&fit=crop&ixlib=rb-4.0.3&ixid=M3wxMjA3fDB8MHxwaG90by1wYWdlfHx8fGVufDB8fHx8fA%3D%3D', 'path': 'full/4eb4497a0f3841e0015fb3406fa364719843a704.jpg', 'checksum': '02b93a9e6fa61f3a3914651a163116df', 'status': 'uptodate'}]"
monitor showing Java programming,"['tech', 'technology', 'website', 'code', 'web', 'coding', 'computer', 'business', 'digital', 'work', 'design', 'site', 'blog', 'programming', 'development', 'portfolio', 'grey', 'office', 'blur', 'bokeh', 'Public domain images']",https://unsplash.com/photos/monitor-showing-java-programming-OqtafYT5kTw,"[{'url': 'https://images.unsplash.com/photo-1461749280684-dccba630e2f6?q=80&w=3543&auto=format&fit=crop&ixlib=rb-4.0.3&ixid=M3wxMjA3fDB8MHxwaG90by1wYWdlfHx8fGVufDB8fHx8fA%3D%3D', 'path': 'full/c88fa439596bb7b756192adf5c3ae8c276e68d89.jpg', 'checksum': '0e0343ebe2ead24fb044836fb5efdea5', 'status': 'uptodate'}]"
a computer screen with a bunch of code on it,"['code', 'tech', 'coding', 'technology', 'programming', 'data', 'laptop', 'monitor', 'screen', 'text', 'industrial', 'Hq Background Images', 'python', 'hacker', 'internet', 'computer language', 'computer monitor', 'programmer', 'computer hacker', 'color', 'Public domain images']",https://unsplash.com/photos/a-computer-screen-with-a-bunch-of-code-on-it-ieic5Tq8YMk,"[{'url': 'https://images.unsplash.com/photo-1515879218367-8466d910aaa4?q=80&w=6016&auto=format&fit=crop&ixlib=rb-4.0.3&ixid=M3wxMjA3fDB8MHxwaG90by1wYWdlfHx8fGVufDB8fHx8fA%3D%3D', 'path': 'full/480c34283b83e2611cc43b018bf35b1b8dd62fde.jpg', 'checksum': '23f089746f4aa5d6e725443d6913e22b', 'status': 'uptodate'}]"
macbook pro on black wooden table,"['javascript', 'programmer', 'coding', 'code', 'php script', '11uptime', 'laptop', 'motivational', 'books', 'iphone', 'developer', 'dev', 'desktop', 'setup', 'green', 'office plants', 'office mood', 'office', 'apple', 'macbook', 'Public domain images']",https://unsplash.com/photos/macbook-pro-on-black-wooden-table-PNbDkQ2DDgM,"[{'url': 'https://images.unsplash.com/photo-1628258334105-2a0b3d6efee1?q=80&w=3615&auto=format&fit=crop&ixlib=rb-4.0.3&ixid=M3wxMjA3fDB8MHxwaG90by1wYWdlfHx8fGVufDB8fHx8fA%3D%3D', 'path': 'full/dfb0181226721cccf7724b0e12a53bdd456d1992.jpg', 'checksum': 'c7eb3fad48b226a396a720fd58e7e710', 'status': 'uptodate'}]"
