author,comment,date,url,product,stars,price,currency,weight
–ù–∞—Ç–∞–ª—å—è,"–í—è–ª–µ–Ω—å–∫–∏–π, –≥–æ—Ä—å–∫–æ–≤–∞—Ç—ã–π",17 –º–∞—è 2025  ¬∑ –ö–∞—Ä—Ç–∞: xxx10,https://vkusvill.ru/goods/perets-krasnyy-sladkiy-21005.html,–ü–µ—Ä–µ—Ü –∫—Ä–∞—Å–Ω—ã–π —Å–ª–∞–¥–∫–∏–π,4,370,—Ä—É–±,/–∫–≥
–õ—é–¥–º–∏–ª–∞,"–ü–µ—Ä–µ—Ü —Ö–æ—Ä–æ—à–∏–π, —Å–≤–µ–∂–∏–π, —Å–ª–∞–¥–∫–∏–π",17 –º–∞—è 2025  ¬∑ –ö–∞—Ä—Ç–∞: xxx14,https://vkusvill.ru/goods/perets-krasnyy-sladkiy-21005.html,–ü–µ—Ä–µ—Ü –∫—Ä–∞—Å–Ω—ã–π —Å–ª–∞–¥–∫–∏–π,5,370,—Ä—É–±,/–∫–≥
–õ–ò–õ–ò–Ø,"–•–æ—Ä–æ—à–∏–π, –ø–ª–æ—Ç–Ω—ã–π –ø–µ—Ä–µ—Ü —Å—Ä–µ–¥–Ω–µ–≥–æ —Ä–∞–∑–º–µ—Ä–∞",17 –º–∞—è 2025  ¬∑ –ö–∞—Ä—Ç–∞: xxx87,https://vkusvill.ru/goods/perets-krasnyy-sladkiy-21005.html,–ü–µ—Ä–µ—Ü –∫—Ä–∞—Å–Ω—ã–π —Å–ª–∞–¥–∫–∏–π,4,370,—Ä—É–±,/–∫–≥
–ê–Ω–¥—Ä–µ–π,–ü–µ—Ä–µ—Ü –Ω–æ—Ä–º –¥–∞–∂–µ –ø–æ –∑—Ü,17 –º–∞—è 2025  ¬∑ –ö–∞—Ä—Ç–∞: xxx63,https://vkusvill.ru/goods/perets-krasnyy-sladkiy-21005.html,–ü–µ—Ä–µ—Ü –∫—Ä–∞—Å–Ω—ã–π —Å–ª–∞–¥–∫–∏–π,5,370,—Ä—É–±,/–∫–≥
–ï–ª–µ–Ω–∞ –≠–º–º–∞–Ω—É–∏–ª–æ–≤–Ω–∞,–ü—Ä–µ–∫—Ä–∞—Å–Ω—ã–π –ø–µ—Ä–µ—Ü!,17 –º–∞—è 2025  ¬∑ –ö–∞—Ä—Ç–∞: xxx11,https://vkusvill.ru/goods/perets-krasnyy-sladkiy-21005.html,–ü–µ—Ä–µ—Ü –∫—Ä–∞—Å–Ω—ã–π —Å–ª–∞–¥–∫–∏–π,5,370,—Ä—É–±,/–∫–≥
–°–µ–º—å—è,–ñ—ë–ª—Ç–æ-–∑–µ–ª—ë–Ω—ã–π. –ü–æ –≤–∫—É—Å—É - —Ç—Ä–∞–≤–∞.,17 –º–∞—è 2025  ¬∑ –ö–∞—Ä—Ç–∞: xxx16,https://vkusvill.ru/goods/perets-krasnyy-sladkiy-21005.html,–ü–µ—Ä–µ—Ü –∫—Ä–∞—Å–Ω—ã–π —Å–ª–∞–¥–∫–∏–π,1,370,—Ä—É–±,/–∫–≥
–ò–ù–ì–ê,"–ú–Ω–æ–≥–æ –Ω–µ–∂–æ–∑—Ä–µ–ª–æ–≥–æ –ø–µ—Ä—Ü–∞ –∏ —É –Ω–µ–≥–æ, –∫–æ–Ω–µ—á–Ω–æ, —Å–æ–≤—Å–µ–º –¥—Ä—É–≥–æ–π –≤–∫—É—Å",17 –º–∞—è 2025  ¬∑ –ö–∞—Ä—Ç–∞: xxx94,https://vkusvill.ru/goods/perets-krasnyy-sladkiy-21005.html,–ü–µ—Ä–µ—Ü –∫—Ä–∞—Å–Ω—ã–π —Å–ª–∞–¥–∫–∏–π,4,370,—Ä—É–±,/–∫–≥
–õ—é–¥–º–∏–ª–∞,üëç,17 –º–∞—è 2025  ¬∑ –ö–∞—Ä—Ç–∞: xxx18,https://vkusvill.ru/goods/perets-krasnyy-sladkiy-21005.html,–ü–µ—Ä–µ—Ü –∫—Ä–∞—Å–Ω—ã–π —Å–ª–∞–¥–∫–∏–π,5,370,—Ä—É–±,/–∫–≥
–ï–∫–∞—Ç–µ—Ä–∏–Ω–∞,–ü–µ—Ä–µ—Ü –æ–∫–∞–∑–∞–ª—Å—è –≤–µ—Å—å –≤ –ø–ª–µ—Å–µ–Ω–∏ –≤–Ω—É—Ç—Ä–∏ !–≤—ã–∫–∏–Ω—É–ª–∏,17 –º–∞—è 2025  ¬∑ –ö–∞—Ä—Ç–∞: xxx14,https://vkusvill.ru/goods/perets-krasnyy-sladkiy-21005.html,–ü–µ—Ä–µ—Ü –∫—Ä–∞—Å–Ω—ã–π —Å–ª–∞–¥–∫–∏–π,1,370,—Ä—É–±,/–∫–≥
–õ–∏–¥–∏—è,"–°–æ—á–Ω—ã–π –ø–µ—Ä–µ—Ü, –∏–∑ –∫–∞–∫–æ–π-—Ç–æ –∞—Ä–∞–±—Å–∫–æ–π —Å—Ç—Ä–∞–Ω—ã",16 –º–∞—è 2025  ¬∑ –ö–∞—Ä—Ç–∞: xxx36,https://vkusvill.ru/goods/perets-krasnyy-sladkiy-21005.html,–ü–µ—Ä–µ—Ü –∫—Ä–∞—Å–Ω—ã–π —Å–ª–∞–¥–∫–∏–π,5,370,—Ä—É–±,/–∫–≥
–ò—è,–û—á–µ–Ω—å —Ö–æ—Ä–æ—à–∏–π –ø–µ—Ä–µ—Ü,16 –º–∞—è 2025  ¬∑ –ö–∞—Ä—Ç–∞: xxx98,https://vkusvill.ru/goods/perets-krasnyy-sladkiy-21005.html,–ü–µ—Ä–µ—Ü –∫—Ä–∞—Å–Ω—ã–π —Å–ª–∞–¥–∫–∏–π,5,370,—Ä—É–±,/–∫–≥
–°—É–Ω–¥—É—Å,üòç,16 –º–∞—è 2025  ¬∑ –ö–∞—Ä—Ç–∞: xxx08,https://vkusvill.ru/goods/perets-krasnyy-sladkiy-21005.html,–ü–µ—Ä–µ—Ü –∫—Ä–∞—Å–Ω—ã–π —Å–ª–∞–¥–∫–∏–π,5,370,—Ä—É–±,/–∫–≥
–£–ª—å—è–Ω–∞,"–í—Å–µ–≥–¥–∞ –±—ã–ª –æ—á–µ–Ω—å —Å–ª–∞–¥–∫–∏–º –∏ –≤–∫—É—Å–Ω—ã–º, —ç—Ç–∞ –ø–∞—Ä—Ç–∏—è –∫ —Å–æ–∂–∞–ª–µ–Ω–∏—é –Ω–µ –ø–æ–Ω—Ä–∞–≤–∏–ª–∞—Å—å, –ø–µ—Ä—Ü—ã –±–µ–∑–≤–∫—É—Å–Ω—ã–µ(",16 –º–∞—è 2025  ¬∑ –ö–∞—Ä—Ç–∞: xxx89,https://vkusvill.ru/goods/perets-krasnyy-sladkiy-21005.html,–ü–µ—Ä–µ—Ü –∫—Ä–∞—Å–Ω—ã–π —Å–ª–∞–¥–∫–∏–π,3,370,—Ä—É–±,/–∫–≥
–ï–õ–ï–ù–ê,–í–∫—É—Å–Ω—ã–π —Å–æ—á–Ω—ã–π –ø–µ—Ä–µ—Ü,16 –º–∞—è 2025  ¬∑ –ö–∞—Ä—Ç–∞: xxx82,https://vkusvill.ru/goods/perets-krasnyy-sladkiy-21005.html,–ü–µ—Ä–µ—Ü –∫—Ä–∞—Å–Ω—ã–π —Å–ª–∞–¥–∫–∏–π,5,370,—Ä—É–±,/–∫–≥
–ñ—É—Ä–∞–≤–∏—Ü–∫–∞—è –û–ª—å–≥–∞,"–ü–µ—Ä–µ—Ü —Å–≤–µ–∂–∏–π, –∫—Ä–µ–ø–∫–∏–π, –º—è—Å–∏—Å—Ç—ã–π, –æ—á–µ–Ω—å –≤–∫—É—Å–Ω—ã–π!",16 –º–∞—è 2025  ¬∑ –ö–∞—Ä—Ç–∞: xxx20,https://vkusvill.ru/goods/perets-krasnyy-sladkiy-21005.html,–ü–µ—Ä–µ—Ü –∫—Ä–∞—Å–Ω—ã–π —Å–ª–∞–¥–∫–∏–π,5,370,—Ä—É–±,/–∫–≥
–ê–õ–õ–ê –í–õ–ê–î–ò–ú–ò–†–û–í–ù–ê,"–ü—Ä–∏–≤–µ–∑–ª–∏ —Ö–æ—Ä–æ—à–∏–π, —Å–≤–µ–∂–∏–π –ø–µ—Ä–µ—Ü",16 –º–∞—è 2025  ¬∑ –ö–∞—Ä—Ç–∞: xxx22,https://vkusvill.ru/goods/perets-krasnyy-sladkiy-21005.html,–ü–µ—Ä–µ—Ü –∫—Ä–∞—Å–Ω—ã–π —Å–ª–∞–¥–∫–∏–π,5,370,—Ä—É–±,/–∫–≥
–ü–æ–∫—É–ø–∞—Ç–µ–ª—å,"–•–æ—Ä–æ—à–∏–π , –∫—Ä–µ–ø–µ–Ω—å–∫–∏–π.",16 –º–∞—è 2025  ¬∑ –ö–∞—Ä—Ç–∞: xxx44,https://vkusvill.ru/goods/perets-krasnyy-sladkiy-21005.html,–ü–µ—Ä–µ—Ü –∫—Ä–∞—Å–Ω—ã–π —Å–ª–∞–¥–∫–∏–π,5,370,—Ä—É–±,/–∫–≥
–õ–∏–∑–∞,–°–≤–µ–∂–∏–π –≤–∫—É—Å–Ω—ã–π,15 –º–∞—è 2025  ¬∑ –ö–∞—Ä—Ç–∞: xxx02,https://vkusvill.ru/goods/perets-krasnyy-sladkiy-21005.html,–ü–µ—Ä–µ—Ü –∫—Ä–∞—Å–Ω—ã–π —Å–ª–∞–¥–∫–∏–π,5,370,—Ä—É–±,/–∫–≥
–ú–∞—Ä–∏–Ω–∞,"–ü–µ—Ä–µ—Ü –ø–æ –≤–∫—É—Å—É –≤–∫—É—Å–Ω—ã–π,—Å–æ—á–Ω—ã–π,—Å—Ä–µ–¥–Ω–µ–≥–æ —Ä–∞–∑–º–µ—Ä–∞",15 –º–∞—è 2025  ¬∑ –ö–∞—Ä—Ç–∞: xxx52,https://vkusvill.ru/goods/perets-krasnyy-sladkiy-21005.html,–ü–µ—Ä–µ—Ü –∫—Ä–∞—Å–Ω—ã–π —Å–ª–∞–¥–∫–∏–π,5,370,—Ä—É–±,/–∫–≥
–ê—Å—è,"–û—Ç–ª–∏—á–Ω—ã–µ –ø–µ—Ä—Ü—ã, —Å–≤–µ–∂–∏–µ, —Å–ª–∞–¥–∫–æ–≤–∞—Ç—ã–µ. –û–±–æ–∂–∞—é!",15 –º–∞—è 2025  ¬∑ –ö–∞—Ä—Ç–∞: xxx98,https://vkusvill.ru/goods/perets-krasnyy-sladkiy-21005.html,–ü–µ—Ä–µ—Ü –∫—Ä–∞—Å–Ω—ã–π —Å–ª–∞–¥–∫–∏–π,5,370,—Ä—É–±,/–∫–≥
–ï–õ–ï–ù–ê,–ó–∞–º–µ—á–∞—Ç–µ–ª—å–Ω—ã–π –ø–µ—Ä–µ—Ü,15 –º–∞—è 2025  ¬∑ –ö–∞—Ä—Ç–∞: xxx86,https://vkusvill.ru/goods/perets-krasnyy-sladkiy-21005.html,–ü–µ—Ä–µ—Ü –∫—Ä–∞—Å–Ω—ã–π —Å–ª–∞–¥–∫–∏–π,5,370,—Ä—É–±,/–∫–≥
–ò–†–ò–ù–ê –í–ê–õ–ï–ù–¢–ò–ù–û–í–ù–ê,–û—á–µ–Ω—å —Ö–æ—Ä–æ—à–∏–π –ø–µ—Ä—á–∏–∫!,15 –º–∞—è 2025  ¬∑ –ö–∞—Ä—Ç–∞: xxx09,https://vkusvill.ru/goods/perets-krasnyy-sladkiy-21005.html,–ü–µ—Ä–µ—Ü –∫—Ä–∞—Å–Ω—ã–π —Å–ª–∞–¥–∫–∏–π,5,370,—Ä—É–±,/–∫–≥
–ê–õ–õ–ê,"–•–æ—Ä–æ—à–∏–π, —Å–≤–µ–∂–∏–π –∏ —Å–æ—á–Ω—ã–π –ø–µ—Ä–µ—Ü",15 –º–∞—è 2025  ¬∑ –ö–∞—Ä—Ç–∞: xxx42,https://vkusvill.ru/goods/perets-krasnyy-sladkiy-21005.html,–ü–µ—Ä–µ—Ü –∫—Ä–∞—Å–Ω—ã–π —Å–ª–∞–¥–∫–∏–π,5,370,—Ä—É–±,/–∫–≥
–õ–∏–∑–æ–∫,–ß–∞—Ö–ª—ã–π –∏ –≤–æ–æ–±—â–µ –Ω–µ –ø–∞—Ö–Ω–µ—Ç ! (((,15 –º–∞—è 2025  ¬∑ –ö–∞—Ä—Ç–∞: xxx35,https://vkusvill.ru/goods/perets-krasnyy-sladkiy-21005.html,–ü–µ—Ä–µ—Ü –∫—Ä–∞—Å–Ω—ã–π —Å–ª–∞–¥–∫–∏–π,2,370,—Ä—É–±,/–∫–≥
–ê–ª—å–±–∏–Ω–∞,"–ù–µ –ø–æ–∂–∞–ª–µ–ª–∞ , —á—Ç–æ —Å–µ–≥–æ–¥–Ω—è –≤—ã–±—Ä–∞–ª–∞ —ç—Ç–æ—Ç –≤–∏–¥ –ø–µ—Ä—á–∏–∫–æ–≤",15 –º–∞—è 2025  ¬∑ –ö–∞—Ä—Ç–∞: xxx71,https://vkusvill.ru/goods/perets-krasnyy-sladkiy-21005.html,–ü–µ—Ä–µ—Ü –∫—Ä–∞—Å–Ω—ã–π —Å–ª–∞–¥–∫–∏–π,5,370,—Ä—É–±,/–∫–≥
–ê–ª—ë–Ω–∞,–í–∫—É—Å–Ω–æ,14 –º–∞—è 2025  ¬∑ –ö–∞—Ä—Ç–∞: xxx46,https://vkusvill.ru/goods/perets-krasnyy-sladkiy-21005.html,–ü–µ—Ä–µ—Ü –∫—Ä–∞—Å–Ω—ã–π —Å–ª–∞–¥–∫–∏–π,5,370,—Ä—É–±,/–∫–≥
–ê–π—è,–ù–µ —Å–ª–∞–¥–∫–∏–π,14 –º–∞—è 2025  ¬∑ –ö–∞—Ä—Ç–∞: xxx57,https://vkusvill.ru/goods/perets-krasnyy-sladkiy-21005.html,–ü–µ—Ä–µ—Ü –∫—Ä–∞—Å–Ω—ã–π —Å–ª–∞–¥–∫–∏–π,3,370,—Ä—É–±,/–∫–≥
–ò—Ä–∏–Ω–∞,"–ü–µ—Ä–µ—Ü –ø—Ä–µ—Å–Ω—ã–π, –Ω–µ —Å–ª–∞–¥–∫–∏–π. –ó–∞ —Ç–∞–∫–∏–µ —Ç–æ –¥–µ–Ω—å–≥–∏",14 –º–∞—è 2025  ¬∑ –ö–∞—Ä—Ç–∞: xxx08,https://vkusvill.ru/goods/perets-krasnyy-sladkiy-21005.html,–ü–µ—Ä–µ—Ü –∫—Ä–∞—Å–Ω—ã–π —Å–ª–∞–¥–∫–∏–π,4,370,—Ä—É–±,/–∫–≥
–¢–∞—Ç—å—è–Ω–∞,"–°–ª–∞–¥–∫–∏–π, —Å–æ—á–Ω—ã–π, –≤–∫—É—Å–Ω—ã–π –ø–µ—Ä–µ—Ü!!!!!",14 –º–∞—è 2025  ¬∑ –ö–∞—Ä—Ç–∞: xxx81,https://vkusvill.ru/goods/perets-krasnyy-sladkiy-21005.html,–ü–µ—Ä–µ—Ü –∫—Ä–∞—Å–Ω—ã–π —Å–ª–∞–¥–∫–∏–π,5,370,—Ä—É–±,/–∫–≥
–û–ª—å–≥–∞,–•–æ—Ä–æ—à–∏–π –ø–µ—Ä–µ—Ü: —Å–ª–∞–¥–∫–∏–π –∏ —Å–æ—á–Ω—ã–π,14 –º–∞—è 2025  ¬∑ –ö–∞—Ä—Ç–∞: xxx34,https://vkusvill.ru/goods/perets-krasnyy-sladkiy-21005.html,–ü–µ—Ä–µ—Ü –∫—Ä–∞—Å–Ω—ã–π —Å–ª–∞–¥–∫–∏–π,5,370,—Ä—É–±,/–∫–≥
–ü–û–õ–ò–ù–ê –ê–õ–ï–ö–°–ê–ù–î–†–û–í–ù–ê,–ù–µ –≤–∫—É—Å–Ω—ã–π,14 –º–∞—è 2025  ¬∑ –ö–∞—Ä—Ç–∞: xxx84,https://vkusvill.ru/goods/perets-krasnyy-sladkiy-21005.html,–ü–µ—Ä–µ—Ü –∫—Ä–∞—Å–Ω—ã–π —Å–ª–∞–¥–∫–∏–π,3,370,—Ä—É–±,/–∫–≥
–õ—é–¥–º–∏–ª–∞,–ü–µ—Ä–µ—Ü –∫—Ä–µ–ø–∫–∏–π,14 –º–∞—è 2025  ¬∑ –ö–∞—Ä—Ç–∞: xxx81,https://vkusvill.ru/goods/perets-krasnyy-sladkiy-21005.html,–ü–µ—Ä–µ—Ü –∫—Ä–∞—Å–Ω—ã–π —Å–ª–∞–¥–∫–∏–π,5,370,—Ä—É–±,/–∫–≥
–ï–õ–ï–ù–ê,–í —ç—Ç–æ—Ç —Ä–∞–∑ –ø—Ä–∏–≤–µ–∑–ª–∏ –æ—Ç –û–∫–µ–∞–Ω–∏—è –æ—á–µ–Ω—å –±–æ–ª—å—à–∏–µ –∏ —Ç–æ–Ω–∫–æ—Å—Ç–µ–Ω–Ω—ã–µ.,14 –º–∞—è 2025  ¬∑ –ö–∞—Ä—Ç–∞: xxx55,https://vkusvill.ru/goods/perets-krasnyy-sladkiy-21005.html,–ü–µ—Ä–µ—Ü –∫—Ä–∞—Å–Ω—ã–π —Å–ª–∞–¥–∫–∏–π,4,370,—Ä—É–±,/–∫–≥
–ê–ª–µ–≤—Ç–∏–Ω–∞,"–ü–µ—Ä–µ—Ü –ø—Ä–∏–≤–µ–∑–ª–∏ –ø–æ –∑/—Ü –æ–¥–∏–Ω - —Ç—Ä–µ—Å–Ω—É—Ç—ã–π, –≤—Ç–æ—Ä–æ–π –Ω–∞—á–∏–Ω–∞–ª –ø–æ–¥–≥–Ω–∏–≤–∞—Ç—å",14 –º–∞—è 2025  ¬∑ –ö–∞—Ä—Ç–∞: xxx47,https://vkusvill.ru/goods/perets-krasnyy-sladkiy-21005.html,–ü–µ—Ä–µ—Ü –∫—Ä–∞—Å–Ω—ã–π —Å–ª–∞–¥–∫–∏–π,3,370,—Ä—É–±,/–∫–≥
–ê–†–ò–ù–ê,–ò–∑ 3 –ø–µ—Ä—Ü–µ–≤ 2 –ø–ª–æ—Ö–∏–µ.,14 –º–∞—è 2025  ¬∑ –ö–∞—Ä—Ç–∞: xxx24,https://vkusvill.ru/goods/perets-krasnyy-sladkiy-21005.html,–ü–µ—Ä–µ—Ü –∫—Ä–∞—Å–Ω—ã–π —Å–ª–∞–¥–∫–∏–π,3,370,—Ä—É–±,/–∫–≥
–ê–Ω–∂–µ–ª–∏–∫–∞,"–ù–µ —Å–ª–∞–¥–∫–∏–π (
–î–∞–∂–µ –ø–æ—Å–ª–µ –∑–∞–ø–µ–∫–∞–Ω–∏—è",14 –º–∞—è 2025  ¬∑ –ö–∞—Ä—Ç–∞: xxx24,https://vkusvill.ru/goods/perets-krasnyy-sladkiy-21005.html,–ü–µ—Ä–µ—Ü –∫—Ä–∞—Å–Ω—ã–π —Å–ª–∞–¥–∫–∏–π,4,370,—Ä—É–±,/–∫–≥
–ù–ê–¢–ê–õ–¨–Ø,–ü–µ—Ä—Ü—ã —Å–≤–µ–∂–∏–µ –∏ —Å–æ—á–Ω—ã–µ,14 –º–∞—è 2025  ¬∑ –ö–∞—Ä—Ç–∞: xxx19,https://vkusvill.ru/goods/perets-krasnyy-sladkiy-21005.html,–ü–µ—Ä–µ—Ü –∫—Ä–∞—Å–Ω—ã–π —Å–ª–∞–¥–∫–∏–π,5,370,—Ä—É–±,/–∫–≥
–ï–ª–µ–Ω–∞,"–°–≤–µ–∂–∏–π, —É–ø—Ä—É–≥–∏–π, —Å–ª–∞–¥–∫–∏–π.",14 –º–∞—è 2025  ¬∑ –ö–∞—Ä—Ç–∞: xxx74,https://vkusvill.ru/goods/perets-krasnyy-sladkiy-21005.html,–ü–µ—Ä–µ—Ü –∫—Ä–∞—Å–Ω—ã–π —Å–ª–∞–¥–∫–∏–π,5,370,—Ä—É–±,/–∫–≥
Lena,–û—á–µ–Ω—å —Ö–æ—Ä–æ—à–∏–π –∏ –≤–∫—É—Å–Ω—ã–π,14 –º–∞—è 2025  ¬∑ –ö–∞—Ä—Ç–∞: xxx73,https://vkusvill.ru/goods/perets-krasnyy-sladkiy-21005.html,–ü–µ—Ä–µ—Ü –∫—Ä–∞—Å–Ω—ã–π —Å–ª–∞–¥–∫–∏–π,5,370,—Ä—É–±,/–∫–≥
–ê–Ω–Ω–∞,–û—á–µ–Ω—å –≤–æ–¥—è–Ω–∏—Å—Ç—ã–π –∏ –±–µ–∑–≤–∫—É—Å–Ω—ã–π.,14 –º–∞—è 2025  ¬∑ –ö–∞—Ä—Ç–∞: xxx30,https://vkusvill.ru/goods/perets-krasnyy-sladkiy-21005.html,–ü–µ—Ä–µ—Ü –∫—Ä–∞—Å–Ω—ã–π —Å–ª–∞–¥–∫–∏–π,3,370,—Ä—É–±,/–∫–≥
–°–≤–µ—Ç–ª–∞–Ω–∞,–ü—Ä—è–Ω—ã–π –∏ —Å–ª–∞–¥–∫–∏–π.,14 –º–∞—è 2025  ¬∑ –ö–∞—Ä—Ç–∞: xxx85,https://vkusvill.ru/goods/perets-krasnyy-sladkiy-21005.html,–ü–µ—Ä–µ—Ü –∫—Ä–∞—Å–Ω—ã–π —Å–ª–∞–¥–∫–∏–π,5,370,—Ä—É–±,/–∫–≥
–Æ–ª–∏—è –°–º–∏—Ä–Ω–æ–≤–∞,–û—á–µ–Ω—å —Ö–æ—Ä–æ—à–∏–π –∏ –∫–∞—á–µ—Å—Ç–≤–µ–Ω–Ω—ã–π!,14 –º–∞—è 2025  ¬∑ –ö–∞—Ä—Ç–∞: xxx40,https://vkusvill.ru/goods/perets-krasnyy-sladkiy-21005.html,–ü–µ—Ä–µ—Ü –∫—Ä–∞—Å–Ω—ã–π —Å–ª–∞–¥–∫–∏–π,5,370,—Ä—É–±,/–∫–≥
–ï–õ–ï–ù–ê,–û—Ç–ª–∏—á–Ω—ã–π —Å–æ—á–Ω—ã–π —É–ø—Ä—É–≥–∏–π –∞—Ä–æ–º–∞—Ç–Ω—ã–π –ø–µ—Ä–µ—Ü. –ö–∞–∫ –ø—Ä–∞–≤–∏–ª–æ –ø—Ä–∏–≤–æ–∑—è—Ç –∫—Ä—É–ø–Ω—ã–πüëç,14 –º–∞—è 2025  ¬∑ –ö–∞—Ä—Ç–∞: xxx72,https://vkusvill.ru/goods/perets-krasnyy-sladkiy-21005.html,–ü–µ—Ä–µ—Ü –∫—Ä–∞—Å–Ω—ã–π —Å–ª–∞–¥–∫–∏–π,5,370,—Ä—É–±,/–∫–≥
–ú–∞—Ä–∏,–ü–æ –∑—Ü –≤—Å–µ–≥–¥–∞ –±–µ—Ä—É,14 –º–∞—è 2025  ¬∑ –ö–∞—Ä—Ç–∞: xxx50,https://vkusvill.ru/goods/perets-krasnyy-sladkiy-21005.html,–ü–µ—Ä–µ—Ü –∫—Ä–∞—Å–Ω—ã–π —Å–ª–∞–¥–∫–∏–π,5,370,—Ä—É–±,/–∫–≥
–ú–∞—Ä–∏–∞–º,–†–µ–∫–æ–º–µ–Ω–¥—É—é,14 –º–∞—è 2025  ¬∑ –ö–∞—Ä—Ç–∞: xxx82,https://vkusvill.ru/goods/perets-krasnyy-sladkiy-21005.html,–ü–µ—Ä–µ—Ü –∫—Ä–∞—Å–Ω—ã–π —Å–ª–∞–¥–∫–∏–π,5,370,—Ä—É–±,/–∫–≥
–°—Ç–∞—Ä–æ–≤–æ–π—Ç–æ–≤–∞ –ï–ª–∏–∑–∞–≤–µ—Ç–∞ –ë–æ—Ä–∏—Å–æ–≤–Ω–∞,"2 —Ä–∞–∑–∞ –∑–∞–∫–∞–∑—ã–≤–∞–ª–∞ , –∏ –≤ –ø–µ—Ä–≤—ã–π —Ä–∞–∑ —Ç—É—Ö–ª—ã–π —è –ø—Ä—è–º —Å –ø–∞–∫–µ—Ç–æ–º –≤—ã–∫–∏–Ω—É–ª–∞, –≤—Ç–æ–æ–π —Ä–∞–∑ —É–∂–µ –≤ –∫–æ–º–º–µ–Ω—Ç–∞—Ä–∏–∏ —É–∫–∞–∑–∞–ª–∞ —á—Ç–æ –±—ã –ø–æ–ª—É—á—à–µ –≤—ã–±—Ä–∞–ª–∏",13 –º–∞—è 2025  ¬∑ –ö–∞—Ä—Ç–∞: xxx90,https://vkusvill.ru/goods/perets-krasnyy-sladkiy-21005.html,–ü–µ—Ä–µ—Ü –∫—Ä–∞—Å–Ω—ã–π —Å–ª–∞–¥–∫–∏–π,2,370,—Ä—É–±,/–∫–≥
–ï–ª–µ–Ω–∞,"–ö—Ä–µ–ø–∫–∏–π, —Å–æ—á–Ω—ã–π",13 –º–∞—è 2025  ¬∑ –ö–∞—Ä—Ç–∞: xxx61,https://vkusvill.ru/goods/perets-krasnyy-sladkiy-21005.html,–ü–µ—Ä–µ—Ü –∫—Ä–∞—Å–Ω—ã–π —Å–ª–∞–¥–∫–∏–π,5,370,—Ä—É–±,/–∫–≥
–õ—é–¥–∞,–ü—Ä–µ–∫—Ä–∞—Å–Ω—ã–π –ø–µ—Ä–µ—Ü!üëçüèºüëçüèº,13 –º–∞—è 2025  ¬∑ –ö–∞—Ä—Ç–∞: xxx20,https://vkusvill.ru/goods/perets-krasnyy-sladkiy-21005.html,–ü–µ—Ä–µ—Ü –∫—Ä–∞—Å–Ω—ã–π —Å–ª–∞–¥–∫–∏–π,5,370,—Ä—É–±,/–∫–≥
–ò–†–ò–ù–ê –ê–õ–ï–ö–°–ï–ï–í–ù–ê,"–í–∫—É—Å–Ω—ã–π, —Å–æ—á–Ω—ã–π",13 –º–∞—è 2025  ¬∑ –ö–∞—Ä—Ç–∞: xxx68,https://vkusvill.ru/goods/perets-krasnyy-sladkiy-21005.html,–ü–µ—Ä–µ—Ü –∫—Ä–∞—Å–Ω—ã–π —Å–ª–∞–¥–∫–∏–π,5,370,—Ä—É–±,/–∫–≥
–ù–∞—Ç–∞–ª—å—è –í–∏–∫—Ç–æ—Ä–æ–≤–Ω–∞,"–ü—Ä–µ—Å–Ω—ã–π, —Ç—Ä–∞–≤–∞ –Ω–∞ –≤–∫—É—Å. –ö—É–ø–∏–ª–∞ –≤ —Ä–∞–∑–Ω—ã—Ö –º–µ—Å—Ç–∞—Ö, –≤–∫—É—Å –æ–¥–∏–Ω–∞–∫–æ–≤—ã–π.",13 –º–∞—è 2025  ¬∑ –ö–∞—Ä—Ç–∞: xxx79,https://vkusvill.ru/goods/perets-krasnyy-sladkiy-21005.html,–ü–µ—Ä–µ—Ü –∫—Ä–∞—Å–Ω—ã–π —Å–ª–∞–¥–∫–∏–π,3,370,—Ä—É–±,/–∫–≥
–°–≤–µ—Ç–ª–∞–Ω–∞,–•–æ—Ä–æ—à–∏–π –ø–µ—Ä—á–∏–∫ –ø—Ä–∏–≤–µ–∑–ª–∏!,13 –º–∞—è 2025  ¬∑ –ö–∞—Ä—Ç–∞: xxx23,https://vkusvill.ru/goods/perets-krasnyy-sladkiy-21005.html,–ü–µ—Ä–µ—Ü –∫—Ä–∞—Å–Ω—ã–π —Å–ª–∞–¥–∫–∏–π,5,370,—Ä—É–±,/–∫–≥
–ê–õ–ò–ù–ê,–°–ª–∞–¥–∫–∏–π,13 –º–∞—è 2025  ¬∑ –ö–∞—Ä—Ç–∞: xxx58,https://vkusvill.ru/goods/perets-krasnyy-sladkiy-21005.html,–ü–µ—Ä–µ—Ü –∫—Ä–∞—Å–Ω—ã–π —Å–ª–∞–¥–∫–∏–π,5,370,—Ä—É–±,/–∫–≥
–ê–Ω–Ω–∞,–ù–µ —Å–ª–∞–¥–∫–∏–µ,13 –º–∞—è 2025  ¬∑ –ö–∞—Ä—Ç–∞: xxx21,https://vkusvill.ru/goods/perets-krasnyy-sladkiy-21005.html,–ü–µ—Ä–µ—Ü –∫—Ä–∞—Å–Ω—ã–π —Å–ª–∞–¥–∫–∏–π,4,370,—Ä—É–±,/–∫–≥
–ù–∞–¥–µ–∂–¥–∞,–í–∫—É—Å–Ω—ã–π –ø–µ—Ä–µ—Ü,13 –º–∞—è 2025  ¬∑ –ö–∞—Ä—Ç–∞: xxx38,https://vkusvill.ru/goods/perets-krasnyy-sladkiy-21005.html,–ü–µ—Ä–µ—Ü –∫—Ä–∞—Å–Ω—ã–π —Å–ª–∞–¥–∫–∏–π,5,370,—Ä—É–±,/–∫–≥
–û–ª—å–≥–∞,–û—Ç–ª–∏—á–Ω—ã–π –ø–µ—Ä–µ—Ü,13 –º–∞—è 2025  ¬∑ –ö–∞—Ä—Ç–∞: xxx61,https://vkusvill.ru/goods/perets-krasnyy-sladkiy-21005.html,–ü–µ—Ä–µ—Ü –∫—Ä–∞—Å–Ω—ã–π —Å–ª–∞–¥–∫–∏–π,5,370,—Ä—É–±,/–∫–≥
–ï–õ–ï–ù–ê,–ü–æ–Ω—Ä–∞–≤–∏–ª—Å—è,13 –º–∞—è 2025  ¬∑ –ö–∞—Ä—Ç–∞: xxx47,https://vkusvill.ru/goods/perets-krasnyy-sladkiy-21005.html,–ü–µ—Ä–µ—Ü –∫—Ä–∞—Å–Ω—ã–π —Å–ª–∞–¥–∫–∏–π,5,370,—Ä—É–±,/–∫–≥
–õ–∏–ª–∏—è,–ü—Ä–∏–≤–µ–∑–ª–∏ –≤–µ—Å—å —Ö–æ—Ä–æ—à–∏–π üëç,13 –º–∞—è 2025  ¬∑ –ö–∞—Ä—Ç–∞: xxx62,https://vkusvill.ru/goods/perets-krasnyy-sladkiy-21005.html,–ü–µ—Ä–µ—Ü –∫—Ä–∞—Å–Ω—ã–π —Å–ª–∞–¥–∫–∏–π,5,370,—Ä—É–±,/–∫–≥
–ò–¥–∞,–•–æ—Ä–æ—à–µ–≥–æ –∫–∞—á–µ—Å—Ç–≤–∞.,13 –º–∞—è 2025  ¬∑ –ö–∞—Ä—Ç–∞: xxx57,https://vkusvill.ru/goods/perets-krasnyy-sladkiy-21005.html,–ü–µ—Ä–µ—Ü –∫—Ä–∞—Å–Ω—ã–π —Å–ª–∞–¥–∫–∏–π,5,370,—Ä—É–±,/–∫–≥
–ú–∞—Ä–∏–Ω–∞,"–ü–µ—Ä–µ—Ü –ø—Ä–∏–≤–µ–∑–ª–∏ –∑–µ–ª–µ–Ω—ã–π, –Ω–µ –∫—Ä–∞—Å–Ω—ã–π –Ω–µ —Å–ª–∞–¥–∫–∏–π, –≤–∞—Ç–∞",13 –º–∞—è 2025  ¬∑ –ö–∞—Ä—Ç–∞: xxx98,https://vkusvill.ru/goods/perets-krasnyy-sladkiy-21005.html,–ü–µ—Ä–µ—Ü –∫—Ä–∞—Å–Ω—ã–π —Å–ª–∞–¥–∫–∏–π,2,370,—Ä—É–±,/–∫–≥
–Æ–ª–∏—è,"–ü–µ—Ä–µ—Ü —Å–≤–µ–∂–∏–π, –º—è—Å–∏—Å—Ç—ã–π, –∫–∞—á–µ—Å—Ç–≤–µ–Ω–Ω—ã–π. –†–µ–∫–æ–º–µ–Ω–¥—É—é",13 –º–∞—è 2025  ¬∑ –ö–∞—Ä—Ç–∞: xxx17,https://vkusvill.ru/goods/perets-krasnyy-sladkiy-21005.html,–ü–µ—Ä–µ—Ü –∫—Ä–∞—Å–Ω—ã–π —Å–ª–∞–¥–∫–∏–π,5,370,—Ä—É–±,/–∫–≥
–ï–∫–∞—Ç–µ—Ä–∏–Ω–∞,"–í–∫—É—Å –∏—Å–∫—É—Å—Å—Ç–≤–µ–Ω–Ω—ã–π, –Ω–µ–∞—Ä–æ–º–∞—Ç–Ω—ã–π",13 –º–∞—è 2025  ¬∑ –ö–∞—Ä—Ç–∞: xxx41,https://vkusvill.ru/goods/perets-krasnyy-sladkiy-21005.html,–ü–µ—Ä–µ—Ü –∫—Ä–∞—Å–Ω—ã–π —Å–ª–∞–¥–∫–∏–π,3,370,—Ä—É–±,/–∫–≥
–î–º–∏—Ç—Ä–∏–π,"–æ—Ç–≤—Ä–∞—Ç–∏—Ç–µ–ª—å–Ω—ã–µ –ø—Ä–µ—Å–Ω—ã–µ –±–µ–∑–≤–∫—É—Å–Ω—ã–µ –∫–∞–∫ –≤–æ–¥–∞, –≤—Å–µ –≤ –ø–æ–º–æ–π–∫—É –Ω–µ—Å—ä–µ–¥–æ–±–Ω—ã–µ",13 –º–∞—è 2025  ¬∑ –ö–∞—Ä—Ç–∞: xxx16,https://vkusvill.ru/goods/perets-krasnyy-sladkiy-21005.html,–ü–µ—Ä–µ—Ü –∫—Ä–∞—Å–Ω—ã–π —Å–ª–∞–¥–∫–∏–π,1,370,—Ä—É–±,/–∫–≥
–¢–∞—Ç—å—è–Ω–∞,"–°–æ—á–Ω—ã–π,—Å–ª–∞–¥–∫–∏–π –ø—Ä–∏–≤–µ–∑–ª–∏,—Å–ø–∞—Å–∏–±–æ.",13 –º–∞—è 2025  ¬∑ –ö–∞—Ä—Ç–∞: xxx78,https://vkusvill.ru/goods/perets-krasnyy-sladkiy-21005.html,–ü–µ—Ä–µ—Ü –∫—Ä–∞—Å–Ω—ã–π —Å–ª–∞–¥–∫–∏–π,5,370,—Ä—É–±,/–∫–≥
–ú–∞—Ä–∏—è –ë–æ—Ä–∏—Å–æ–≤–Ω–∞,"–° –∑–µ–ª—ë–Ω—ã–º –ø—è—Ç–Ω–æ–º, –¥–æ–∑—Ä–µ–≤–∞–ª –≤ –ø–æ–µ–∑–¥–∫–µ",13 –º–∞—è 2025  ¬∑ –ö–∞—Ä—Ç–∞: xxx47,https://vkusvill.ru/goods/perets-krasnyy-sladkiy-21005.html,–ü–µ—Ä–µ—Ü –∫—Ä–∞—Å–Ω—ã–π —Å–ª–∞–¥–∫–∏–π,2,370,—Ä—É–±,/–∫–≥
–ê–ª–∏–Ω–∞,"—Å–≤–µ–∂–∏–π, —Å–æ—á–Ω—ã–π, –≤–∫—É—Å–Ω—ã–π –ø–µ—Ä–µ—Ü! –≤–µ—Ä—Ö—É—à–∫–∞ –¥–æ–≤–æ–ª—å–Ω–æ –ª–µ–≥–∫–∞—è –±—ã–ª–∞, –ø–æ—Ç–æ–º—É —Å–∞–º–æ–≥–æ –ø–µ—Ä—Ü–∞ —è –±–æ–ª—å—à–µ –ø–æ–ª—É—á–∏–ª–∞, —á–µ–º –æ–±—ã—á–Ω–æ, –∫–æ—Å—Ç–æ—á–µ–∫ –Ω–µ–º–Ω–æ–≥–æ, –≤—Å–µ –∑–∞–º–µ—á–∞—Ç–µ–ª—å–Ω–æ",13 –º–∞—è 2025  ¬∑ –ö–∞—Ä—Ç–∞: xxx99,https://vkusvill.ru/goods/perets-krasnyy-sladkiy-21005.html,–ü–µ—Ä–µ—Ü –∫—Ä–∞—Å–Ω—ã–π —Å–ª–∞–¥–∫–∏–π,5,370,—Ä—É–±,/–∫–≥
–ò–†–ò–ù–ê –ê–õ–ï–ö–°,–í–∫—É—Å–Ω—ã–π —Å–æ—á–Ω—ã–π –ø–µ—Ä–µ—Ü! –†–µ–∫–æ–º–µ–Ω–¥—É—é!,13 –º–∞—è 2025  ¬∑ –ö–∞—Ä—Ç–∞: xxx87,https://vkusvill.ru/goods/perets-krasnyy-sladkiy-21005.html,–ü–µ—Ä–µ—Ü –∫—Ä–∞—Å–Ω—ã–π —Å–ª–∞–¥–∫–∏–π,5,370,—Ä—É–±,/–∫–≥
–ê–ù–ì–ï–õ–ò–ù–ê,–í–∫—É—Å–Ω—ã–µ –∏ —Å–æ—á–Ω—ã–µ –ø–µ—Ä—Ü—ã. –í –∞–ø—Ä–µ–ª–µ-–º–∞–µ –ø—Ä—è–º–æ –≤ —Ä–∞–¥–æ—Å—Ç—å!!!!,12 –º–∞—è 2025  ¬∑ –ö–∞—Ä—Ç–∞: xxx08,https://vkusvill.ru/goods/perets-krasnyy-sladkiy-21005.html,–ü–µ—Ä–µ—Ü –∫—Ä–∞—Å–Ω—ã–π —Å–ª–∞–¥–∫–∏–π,5,370,—Ä—É–±,/–∫–≥
–ò—Ä–∏–Ω–∞,–ü–æ –ó–¶,12 –º–∞—è 2025  ¬∑ –ö–∞—Ä—Ç–∞: xxx13,https://vkusvill.ru/goods/perets-krasnyy-sladkiy-21005.html,–ü–µ—Ä–µ—Ü –∫—Ä–∞—Å–Ω—ã–π —Å–ª–∞–¥–∫–∏–π,5,370,—Ä—É–±,/–∫–≥
–ê–ª–µ–∫—Å–∞–Ω–¥—Ä–∞,"–°–ø–µ–ª—ã–π, –∞—Ä–æ–º–∞—Ç–Ω—ã–π",12 –º–∞—è 2025  ¬∑ –ö–∞—Ä—Ç–∞: xxx31,https://vkusvill.ru/goods/perets-krasnyy-sladkiy-21005.html,–ü–µ—Ä–µ—Ü –∫—Ä–∞—Å–Ω—ã–π —Å–ª–∞–¥–∫–∏–π,5,370,—Ä—É–±,/–∫–≥
–í–ï–†–û–ù–ò–ö–ê,–•–æ—Ä–æ—à–∏–π –ø–µ—Ä–µ—Ü),12 –º–∞—è 2025  ¬∑ –ö–∞—Ä—Ç–∞: xxx08,https://vkusvill.ru/goods/perets-krasnyy-sladkiy-21005.html,–ü–µ—Ä–µ—Ü –∫—Ä–∞—Å–Ω—ã–π —Å–ª–∞–¥–∫–∏–π,5,370,—Ä—É–±,/–∫–≥
–ò—Ä–∞–∏–¥–∞,"–°–≤–µ–∂–∏–π, –≤–∫—É—Å–Ω—ã–π, —Å–æ—á–Ω—ã–π",12 –º–∞—è 2025  ¬∑ –ö–∞—Ä—Ç–∞: xxx30,https://vkusvill.ru/goods/perets-krasnyy-sladkiy-21005.html,–ü–µ—Ä–µ—Ü –∫—Ä–∞—Å–Ω—ã–π —Å–ª–∞–¥–∫–∏–π,5,370,—Ä—É–±,/–∫–≥
–ú–∞—Ä–∏—è,–ù–∞—á–∞–ª –ø–æ—Ä—Ç–∏—Ç—å—Å—è.,12 –º–∞—è 2025  ¬∑ –ö–∞—Ä—Ç–∞: xxx77,https://vkusvill.ru/goods/perets-krasnyy-sladkiy-21005.html,–ü–µ—Ä–µ—Ü –∫—Ä–∞—Å–Ω—ã–π —Å–ª–∞–¥–∫–∏–π,2,370,—Ä—É–±,/–∫–≥
–í–ê–õ–ï–ù–¢–ò–ù–ê,"–°–≤–µ–∂–∏–π, –≤–∫—É—Å–Ω—ã–π –ø–µ—Ä–µ—Ü. –ü–æ—Ä–∞–¥–æ–≤–∞–ª–∞ –ø–µ—Ä—Å–æ–Ω–∞–ª—å–Ω–∞—è —Å–∫–∏–¥–∫–∞ –Ω–∞ –Ω–µ–≥–æ",12 –º–∞—è 2025  ¬∑ –ö–∞—Ä—Ç–∞: xxx81,https://vkusvill.ru/goods/perets-krasnyy-sladkiy-21005.html,–ü–µ—Ä–µ—Ü –∫—Ä–∞—Å–Ω—ã–π —Å–ª–∞–¥–∫–∏–π,5,370,—Ä—É–±,/–∫–≥
–í–µ—Ä–æ–Ω–∏–∫–∞,–•–æ—Ä–æ—à–∏–π –ø–µ—Ä—á–∏–∫ !!!,12 –º–∞—è 2025  ¬∑ –ö–∞—Ä—Ç–∞: xxx06,https://vkusvill.ru/goods/perets-krasnyy-sladkiy-21005.html,–ü–µ—Ä–µ—Ü –∫—Ä–∞—Å–Ω—ã–π —Å–ª–∞–¥–∫–∏–π,5,370,—Ä—É–±,/–∫–≥
–Æ–ª–∏—è,"–ó–∞–º–µ—á–∞—Ç–µ–ª—å–Ω—ã–π —Å–ª–∞–¥–∫–∏–π, —Å–≤–µ–∂–∏–π –ø–µ—Ä–µ—Ü!",12 –º–∞—è 2025  ¬∑ –ö–∞—Ä—Ç–∞: xxx36,https://vkusvill.ru/goods/perets-krasnyy-sladkiy-21005.html,–ü–µ—Ä–µ—Ü –∫—Ä–∞—Å–Ω—ã–π —Å–ª–∞–¥–∫–∏–π,5,370,—Ä—É–±,/–∫–≥
–ì–∞–ª–∏–Ω–∞,–ù–µ–≥–Ω–∏–ª–æ–π,12 –º–∞—è 2025  ¬∑ –ö–∞—Ä—Ç–∞: xxx00,https://vkusvill.ru/goods/perets-krasnyy-sladkiy-21005.html,–ü–µ—Ä–µ—Ü –∫—Ä–∞—Å–Ω—ã–π —Å–ª–∞–¥–∫–∏–π,5,370,—Ä—É–±,/–∫–≥
–ì–ê–õ–ò–ù–ê,"–°–≤–µ–∂–∏–π, —É–ø—Ä—É–≥–∏–π, —Å–ª–∞–¥–∫–∏–π.",12 –º–∞—è 2025  ¬∑ –ö–∞—Ä—Ç–∞: xxx67,https://vkusvill.ru/goods/perets-krasnyy-sladkiy-21005.html,–ü–µ—Ä–µ—Ü –∫—Ä–∞—Å–Ω—ã–π —Å–ª–∞–¥–∫–∏–π,5,370,—Ä—É–±,/–∫–≥
–¢–∞—Ç—å—è–Ω–∞,"–ë–æ–ª—å—à–∏–µ, –º—è—Å–∏—Å—Ç—ã–µ, —Å–≤–µ–∂–∏–µ, –∫–∞–∫ –¥–ª—è —Ñ–∞—Ä—à–∏—Ä–æ–≤–∞–Ω–∏—è —Ç–∞–∫ –∏ –¥–ª—è —Å–∞–ª–∞—Ç–∞ –∏–¥–µ–∞–ª—å–Ω–æ –ø–æ–¥—Ö–æ–¥—è—Ç.",12 –º–∞—è 2025  ¬∑ –ö–∞—Ä—Ç–∞: xxx52,https://vkusvill.ru/goods/perets-krasnyy-sladkiy-21005.html,–ü–µ—Ä–µ—Ü –∫—Ä–∞—Å–Ω—ã–π —Å–ª–∞–¥–∫–∏–π,5,370,—Ä—É–±,/–∫–≥
–¢–∞—Ç—å—è–Ω–∞,"–ü–µ—Ä–µ—Ü, –∫–∞–∫ –ø–µ—Ä–µ—Ü, –Ω–µ–º–Ω–æ–≥–æ –≤—è–ª—ã–π, –Ω–æ —Ç–∞–∫ –∏ –±—Ä–∞–ª–∞ –ø–æ –ó–¶, –∫–∞–∫–∏–µ –º–æ–≥—É—Ç –±—ã—Ç—å –ø—Ä–µ—Ç–µ–Ω–∑–∏–∏, –∏–Ω–∞—á–µ –æ–Ω–∏ –±—ã–ª–∏ –±—ã –Ω–µ –ó–¶)))",12 –º–∞—è 2025  ¬∑ –ö–∞—Ä—Ç–∞: xxx27,https://vkusvill.ru/goods/perets-krasnyy-sladkiy-21005.html,–ü–µ—Ä–µ—Ü –∫—Ä–∞—Å–Ω—ã–π —Å–ª–∞–¥–∫–∏–π,4,370,—Ä—É–±,/–∫–≥
–õ–ò–î–ò–Ø –ï–í–ì–ï–ù–¨–ï–í–ù–ê,"–°–≤–µ–∂–∏–π, –≤–∫—É—Å–Ω—ã–π",12 –º–∞—è 2025  ¬∑ –ö–∞—Ä—Ç–∞: xxx95,https://vkusvill.ru/goods/perets-krasnyy-sladkiy-21005.html,–ü–µ—Ä–µ—Ü –∫—Ä–∞—Å–Ω—ã–π —Å–ª–∞–¥–∫–∏–π,5,370,—Ä—É–±,/–∫–≥
–ï–ª–µ–Ω–∞,"–°–≤–µ–∂–∏–π,—Ö—Ä—É—Å—Ç—è—â–∏–πüëç",12 –º–∞—è 2025  ¬∑ –ö–∞—Ä—Ç–∞: xxx43,https://vkusvill.ru/goods/perets-krasnyy-sladkiy-21005.html,–ü–µ—Ä–µ—Ü –∫—Ä–∞—Å–Ω—ã–π —Å–ª–∞–¥–∫–∏–π,5,370,—Ä—É–±,/–∫–≥
–ò–†–ò–ù–ê,"–•–æ—Ä–æ—à–∏–π –ø–µ—Ä–µ—Ü, —Å–≤–µ–∂–∏–π",12 –º–∞—è 2025  ¬∑ –ö–∞—Ä—Ç–∞: xxx80,https://vkusvill.ru/goods/perets-krasnyy-sladkiy-21005.html,–ü–µ—Ä–µ—Ü –∫—Ä–∞—Å–Ω—ã–π —Å–ª–∞–¥–∫–∏–π,5,370,—Ä—É–±,/–∫–≥
–¢–ê–¢–¨–Ø–ù–ê,–í–ø–æ–ª–Ω–µ –≤–∫—É—Å–Ω—ã–π –∏ –≤ —Å–∞–ª–∞—Ç –∏ –¥–ª—è —Ç—É—à–µ–Ω–∏—è. –ß—É—Ç—å –±–æ–ª—å—à–µ –±—ã —Å–æ—á–Ω–æ—Å—Ç–∏,12 –º–∞—è 2025  ¬∑ –ö–∞—Ä—Ç–∞: xxx18,https://vkusvill.ru/goods/perets-krasnyy-sladkiy-21005.html,–ü–µ—Ä–µ—Ü –∫—Ä–∞—Å–Ω—ã–π —Å–ª–∞–¥–∫–∏–π,4,370,—Ä—É–±,/–∫–≥
–¢–∞—Ç—å—è–Ω–∞,–í—è–ª–æ–≤–∞—Ç—ã–π ),12 –º–∞—è 2025  ¬∑ –ö–∞—Ä—Ç–∞: xxx48,https://vkusvill.ru/goods/perets-krasnyy-sladkiy-21005.html,–ü–µ—Ä–µ—Ü –∫—Ä–∞—Å–Ω—ã–π —Å–ª–∞–¥–∫–∏–π,4,370,—Ä—É–±,/–∫–≥
–û–ª–µ—Å—è,"–û—Ç–ª–∏—á–Ω—ã–π –ø–µ—Ä–µ—Ü. –°–ª–∞–¥–æ—Å—Ç–∏, –∫ —Å–æ–∂–∞–ª–µ–Ω–∏—é, –ø–æ–∫–∞ –Ω–µ —Ö–≤–∞—Ç–∞–µ—Ç, –∂–¥—É –Ω–∞—á–∞–ª–æ —Å–µ–∑–æ–Ω–∞ –º–µ—Å—Ç–Ω—ã—Ö –æ–≤–æ—â–µ–π",12 –º–∞—è 2025  ¬∑ –ö–∞—Ä—Ç–∞: xxx22,https://vkusvill.ru/goods/perets-krasnyy-sladkiy-21005.html,–ü–µ—Ä–µ—Ü –∫—Ä–∞—Å–Ω—ã–π —Å–ª–∞–¥–∫–∏–π,5,370,—Ä—É–±,/–∫–≥
–ï–õ–ï–ù–ê,"–ü–µ—Ä–µ—Ü –Ω–µ–º–Ω–æ–≥–æ –≤—è–ª—ã–π, –Ω–æ –ø–æ–∫—É–ø–∞–ª–∞ –ø–æ –ó–¶",11 –º–∞—è 2025  ¬∑ –ö–∞—Ä—Ç–∞: xxx27,https://vkusvill.ru/goods/perets-krasnyy-sladkiy-21005.html,–ü–µ—Ä–µ—Ü –∫—Ä–∞—Å–Ω—ã–π —Å–ª–∞–¥–∫–∏–π,4,370,—Ä—É–±,/–∫–≥
–ú–∞—Ä–∏–Ω–∞,"–°—É–ø–µ—Ä! –í–∫—É—Å–Ω—ã–µ, —Å–æ—á–Ω—ã–µ, —Å–ª–∞–¥–∫–∏–µ!",11 –º–∞—è 2025  ¬∑ –ö–∞—Ä—Ç–∞: xxx63,https://vkusvill.ru/goods/perets-krasnyy-sladkiy-21005.html,–ü–µ—Ä–µ—Ü –∫—Ä–∞—Å–Ω—ã–π —Å–ª–∞–¥–∫–∏–π,5,370,—Ä—É–±,/–∫–≥
Marusya,–ü–µ—Ä—Ü—ã –∫–∞–π—Ñ,11 –º–∞—è 2025  ¬∑ –ö–∞—Ä—Ç–∞: xxx55,https://vkusvill.ru/goods/perets-krasnyy-sladkiy-21005.html,–ü–µ—Ä–µ—Ü –∫—Ä–∞—Å–Ω—ã–π —Å–ª–∞–¥–∫–∏–π,5,370,—Ä—É–±,/–∫–≥
–û–õ–¨–ì–ê –ò–í–ê–ù–û–í–ù–ê,–•–æ—Ä–æ—à–∏–π –ø–µ—Ä–µ—Ü,11 –º–∞—è 2025  ¬∑ –ö–∞—Ä—Ç–∞: xxx45,https://vkusvill.ru/goods/perets-krasnyy-sladkiy-21005.html,–ü–µ—Ä–µ—Ü –∫—Ä–∞—Å–Ω—ã–π —Å–ª–∞–¥–∫–∏–π,5,370,—Ä—É–±,/–∫–≥
–í–ê–õ–ï–ù–¢–ò–ù–ê,–í–∫—É—Å–Ω—ã–π –º—è—Å–∏—Å—Ç—ã–π –ø–µ—Ä–µ—Ü.,11 –º–∞—è 2025  ¬∑ –ö–∞—Ä—Ç–∞: xxx53,https://vkusvill.ru/goods/perets-krasnyy-sladkiy-21005.html,–ü–µ—Ä–µ—Ü –∫—Ä–∞—Å–Ω—ã–π —Å–ª–∞–¥–∫–∏–π,5,370,—Ä—É–±,/–∫–≥
C—Ç–∞—Å,"–ü–µ—Ä–µ—Ü –Ω–µ–¥–æ–∑—Ä–µ–ª—ã–π, –∏ –ø–æ —Ü–≤–µ—Ç—É –Ω–µ –∫—Ä–∞—Å–Ω—ã–π",11 –º–∞—è 2025  ¬∑ –ö–∞—Ä—Ç–∞: xxx76,https://vkusvill.ru/goods/perets-krasnyy-sladkiy-21005.html,–ü–µ—Ä–µ—Ü –∫—Ä–∞—Å–Ω—ã–π —Å–ª–∞–¥–∫–∏–π,3,370,—Ä—É–±,/–∫–≥
–õ–Æ–î–ú–ò–õ–ê,"–ö—Ä–µ–ø–∫–∏–π, —Å–ª–∞–¥–∫–∏–π –ø–µ—Ä–µ—Ü!",11 –º–∞—è 2025  ¬∑ –ö–∞—Ä—Ç–∞: xxx87,https://vkusvill.ru/goods/perets-krasnyy-sladkiy-21005.html,–ü–µ—Ä–µ—Ü –∫—Ä–∞—Å–Ω—ã–π —Å–ª–∞–¥–∫–∏–π,5,370,—Ä—É–±,/–∫–≥
–ö–æ–Ω—Å—Ç–∞–Ω—Ç–∏–Ω,–£–∂–∞—Å–Ω—ã–π –ø–µ—Ä–µ—Ü: –≤–æ–¥–∞-–≤–æ–¥–æ–π –∏ –≤–∫—É—Å–∞ –ø–µ—Ä—Ü–∞ –Ω–µ—Ç –æ—Ç —Å–ª–æ–≤–∞ —Å–æ–≤—Å–µ–º!,11 –º–∞—è 2025  ¬∑ –ö–∞—Ä—Ç–∞: xxx15,https://vkusvill.ru/goods/perets-krasnyy-sladkiy-21005.html,–ü–µ—Ä–µ—Ü –∫—Ä–∞—Å–Ω—ã–π —Å–ª–∞–¥–∫–∏–π,1,370,—Ä—É–±,/–∫–≥
–Ø–Ω–∞,"–ù–∞ –≤–∏–¥ –±—ã–ª —Ö–æ—Ä–æ—à–∏–π –ø–µ—Ä–µ—Ü, –Ω–æ —Å–æ –≤–∫—É—Å–æ–º –ø–ª–µ—Å–µ–Ω–∏.",11 –º–∞—è 2025  ¬∑ –ö–∞—Ä—Ç–∞: xxx89,https://vkusvill.ru/goods/perets-krasnyy-sladkiy-21005.html,–ü–µ—Ä–µ—Ü –∫—Ä–∞—Å–Ω—ã–π —Å–ª–∞–¥–∫–∏–π,3,370,—Ä—É–±,/–∫–≥
–õ–∞—Ä–∏—Å–∞,–í–∫—É—Å–Ω—ã–π –ø–µ—Ä–µ—Ü.,11 –º–∞—è 2025  ¬∑ –ö–∞—Ä—Ç–∞: xxx95,https://vkusvill.ru/goods/perets-krasnyy-sladkiy-21005.html,–ü–µ—Ä–µ—Ü –∫—Ä–∞—Å–Ω—ã–π —Å–ª–∞–¥–∫–∏–π,5,370,—Ä—É–±,/–∫–≥
–ï–≤–≥–µ–Ω–∏—è,–û—á–µ–Ω—å —Å–≤–µ–∂–∏–π –∏ —Å–æ—á–Ω—ã–π –ø–µ—Ä–µ—Ü,11 –º–∞—è 2025  ¬∑ –ö–∞—Ä—Ç–∞: xxx51,https://vkusvill.ru/goods/perets-krasnyy-sladkiy-21005.html,–ü–µ—Ä–µ—Ü –∫—Ä–∞—Å–Ω—ã–π —Å–ª–∞–¥–∫–∏–π,5,370,—Ä—É–±,/–∫–≥
–í–∞–ª–µ–Ω—Ç–∏–Ω–∞,–°–ø–∞—Å–∏–±–æ –æ—Ç–ª–∏—á–Ω—ã–π,11 –º–∞—è 2025  ¬∑ –ö–∞—Ä—Ç–∞: xxx53,https://vkusvill.ru/goods/perets-krasnyy-sladkiy-21005.html,–ü–µ—Ä–µ—Ü –∫—Ä–∞—Å–Ω—ã–π —Å–ª–∞–¥–∫–∏–π,5,370,—Ä—É–±,/–∫–≥
–í–ê–õ–ï–ù–¢–ò–ù–ê,–î–∞–∂–µ –ø–æ –ó–¶ –æ—Ç–ª–∏—á–Ω—ã–π –ø–µ—Ä–µ—Ü,11 –º–∞—è 2025  ¬∑ –ö–∞—Ä—Ç–∞: xxx82,https://vkusvill.ru/goods/perets-krasnyy-sladkiy-21005.html,–ü–µ—Ä–µ—Ü –∫—Ä–∞—Å–Ω—ã–π —Å–ª–∞–¥–∫–∏–π,5,370,—Ä—É–±,/–∫–≥
–ï–õ–ï–ù–ê,"–ù–µ —É—Å–ø–µ–ª–∏ —Å—ä–µ—Å—Ç—å, –ø–æ–∫—Ä—ã–ª—Å—è –ø—É—à–∏—Å—Ç–æ–π –ø–ª–µ—Å–µ–Ω—å—é",11 –º–∞—è 2025  ¬∑ –ö–∞—Ä—Ç–∞: xxx52,https://vkusvill.ru/goods/perets-krasnyy-sladkiy-21005.html,–ü–µ—Ä–µ—Ü –∫—Ä–∞—Å–Ω—ã–π —Å–ª–∞–¥–∫–∏–π,1,370,—Ä—É–±,/–∫–≥
–ï–∫–∞—Ç–µ—Ä–∏–Ω–∞,–ù–∞ –æ–¥–Ω–æ–º –ø–µ—Ä—Ü–µ –≥–Ω–∏–ª–æ–π —É—á–∞—Å—Ç–æ–∫.,11 –º–∞—è 2025  ¬∑ –ö–∞—Ä—Ç–∞: xxx40,https://vkusvill.ru/goods/perets-krasnyy-sladkiy-21005.html,–ü–µ—Ä–µ—Ü –∫—Ä–∞—Å–Ω—ã–π —Å–ª–∞–¥–∫–∏–π,3,370,—Ä—É–±,/–∫–≥
